Name,ResourceName,ResourceType,ResourceGroupName,Location
restoresh,restoresh,Microsoft.Compute/virtualMachines,aautomationtest,westus
restoresh-nic-1256f32f95fc42b78141bae097b65d30,restoresh-nic-1256f32f95fc42b78141bae097b65d30,Microsoft.Network/networkInterfaces,aautomationtest,westus
restoresh-pip-79d4e48079284ee88c3146c52cb38103,restoresh-pip-79d4e48079284ee88c3146c52cb38103,Microsoft.Network/publicIPAddresses,aautomationtest,westus
neportallogs,neportallogs,Microsoft.Storage/storageAccounts,aautomationtest,southeastasia
ioptest737,ioptest737,Microsoft.Network/networkInterfaces,Aldridgetesting,southeastasia
testingdisk461,testingdisk461,Microsoft.Network/networkInterfaces,Aldridgetesting,southeastasia
IOPTest,IOPTest,Microsoft.Network/networkSecurityGroups,Aldridgetesting,southeastasia
TestingDisk,TestingDisk,Microsoft.Network/networkSecurityGroups,Aldridgetesting,southeastasia
IOPTest,IOPTest,Microsoft.Network/publicIPAddresses,Aldridgetesting,southeastasia
TestingDisk,TestingDisk,Microsoft.Network/publicIPAddresses,Aldridgetesting,southeastasia
Aldridgetesting,Aldridgetesting,Microsoft.Network/virtualNetworks,Aldridgetesting,southeastasia
alridgetest,alridgetest,Microsoft.Storage/storageAccounts,Aldridgetesting,southeastasia
SourceAz2Az,SourceAz2Az,Microsoft.Compute/virtualMachines,ASRAz2Az,westeurope
sourceaz2az11,sourceaz2az11,Microsoft.Network/networkInterfaces,ASRAz2Az,westeurope
SourceAz2Az-nsg,SourceAz2Az-nsg,Microsoft.Network/networkSecurityGroups,ASRAz2Az,westeurope
SourceAz2Az-ip,SourceAz2Az-ip,Microsoft.Network/publicIPAddresses,ASRAz2Az,westeurope
ASRAz2Az-vnet,ASRAz2Az-vnet,Microsoft.Network/virtualNetworks,ASRAz2Az,westeurope
ASRAz2Azvnet,ASRAz2Azvnet,Microsoft.Network/virtualNetworks,ASRAz2Az,southeastasia
ASRDemoAzure2Azure,ASRDemoAzure2Azure,Microsoft.RecoveryServices/vaults,ASRAz2Az,southeastasia
asraz2az,asraz2az,Microsoft.Storage/storageAccounts,ASRAz2Az,southeastasia
asraz2azdiag610,asraz2azdiag610,Microsoft.Storage/storageAccounts,ASRAz2Az,westeurope
asraz2azdisks442,asraz2azdisks442,Microsoft.Storage/storageAccounts,ASRAz2Az,westeurope
app01,app01,Microsoft.Compute/virtualMachines,ASRservers,eastasia
app01/enablevmaccess,app01/enablevmaccess,Microsoft.Compute/virtualMachines/extensions,ASRservers,eastasia
app04,app04,Microsoft.Compute/virtualMachines,ASRservers,eastasia
app010ea81ea4-7b56-41a1-aadc-14f552646000,app010ea81ea4-7b56-41a1-aadc-14f552646000,Microsoft.Network/networkInterfaces,ASRservers,eastasia
app04357,app04357,Microsoft.Network/networkInterfaces,ASRservers,eastasia
app04-nsg,app04-nsg,Microsoft.Network/networkSecurityGroups,ASRservers,eastasia
app04-ip,app04-ip,Microsoft.Network/publicIPAddresses,ASRservers,eastasia
ASRservers,ASRservers,Microsoft.Network/virtualNetworks,ASRservers,eastasia
ASRVault,ASRVault,Microsoft.RecoveryServices/vaults,ASRservers,eastasia
testvmasr,testvmasr,Microsoft.RecoveryServices/vaults,ASRservers,northeurope
asrserversdiag610,asrserversdiag610,Microsoft.Storage/storageAccounts,ASRservers,eastasia
asrserversdisks730,asrserversdisks730,Microsoft.Storage/storageAccounts,ASRservers,eastasia
storageasr10,storageasr10,Microsoft.Storage/storageAccounts,ASRservers,eastasia
assessmentdb,assessmentdb,Microsoft.Sql/servers,assessmentautomation,westus
assessmentdb/azureratecard,assessmentdb/azureratecard,Microsoft.Sql/servers/databases,assessmentautomation,westus
assessmentdb/samincpaas,assessmentdb/samincpaas,Microsoft.Sql/servers/databases,assessmentautomation,westus
NewAvailabilitySet,NewAvailabilitySet,Microsoft.Compute/availabilitySets,AutomationTest,southeastasia
SavindraTestNSG,SavindraTestNSG,Microsoft.Network/networkSecurityGroups,AutomationTest,westus
ScriptVM,ScriptVM,Microsoft.Network/publicIPAddresses,AutomationTest,southeastasia
TestVM-Bhaskar,TestVM-Bhaskar,Microsoft.Network/publicIPAddresses,AutomationTest,southeastasia
automationtest,automationtest,Microsoft.Storage/storageAccounts,AutomationTest,southeastasia
Az2Az-ASR,Az2Az-ASR,Microsoft.RecoveryServices/vaults,Az2AzASR,eastasia
frontend1,frontend1,Microsoft.Compute/virtualMachines,azurebvrm,northcentralus
frontend2,frontend2,Microsoft.Compute/virtualMachines,azurebvrm,northcentralus
frontend1688,frontend1688,Microsoft.Network/networkInterfaces,azurebvrm,northcentralus
frontend2933,frontend2933,Microsoft.Network/networkInterfaces,azurebvrm,northcentralus
frontend1-nsg,frontend1-nsg,Microsoft.Network/networkSecurityGroups,azurebvrm,northcentralus
frontend2-nsg,frontend2-nsg,Microsoft.Network/networkSecurityGroups,azurebvrm,northcentralus
frontend1-ip,frontend1-ip,Microsoft.Network/publicIPAddresses,azurebvrm,northcentralus
frontend2-ip,frontend2-ip,Microsoft.Network/publicIPAddresses,azurebvrm,northcentralus
azurebvrm,azurebvrm,Microsoft.Network/virtualNetworks,azurebvrm,northcentralus
azurebvrm,azurebvrm,Microsoft.Storage/storageAccounts,azurebvrm,northcentralus
AzureDC,AzureDC,Microsoft.Compute/virtualMachines,AzureServers,eastasia
AzureDC/Microsoft.Insights.VMDiagnosticsSettings,AzureDC/Microsoft.Insights.VMDiagnosticsSettings,Microsoft.Compute/virtualMachines/extensions,AzureServers,eastasia
azuredc70,azuredc70,Microsoft.Network/networkInterfaces,AzureServers,eastasia
AzureDC-nsg,AzureDC-nsg,Microsoft.Network/networkSecurityGroups,AzureServers,eastasia
AzureDC-ip,AzureDC-ip,Microsoft.Network/publicIPAddresses,AzureServers,eastasia
Azurenetworks,Azurenetworks,Microsoft.Network/virtualNetworks,AzureServers,eastasia
azurestorage123,azurestorage123,Microsoft.Storage/storageAccounts,AzureServers,eastasia
azbckupvtrktest,azbckupvtrktest,Microsoft.RecoveryServices/vaults,bckrgrk,southeastasia
Britec-Adcb1,Britec-Adcb1,Microsoft.Compute/virtualMachines,britecsage,westus
Britec-Adcb1/Microsoft.Insights.VMDiagnosticsSettings,Britec-Adcb1/Microsoft.Insights.VMDiagnosticsSettings,Microsoft.Compute/virtualMachines/extensions,britecsage,westus
Britec-MFA,Britec-MFA,Microsoft.Compute/virtualMachines,britecsage,westus
Britec-RDSH,Britec-RDSH,Microsoft.Compute/virtualMachines,britecsage,westus
Britec-RDSH/Microsoft.Insights.VMDiagnosticsSettings,Britec-RDSH/Microsoft.Insights.VMDiagnosticsSettings,Microsoft.Compute/virtualMachines/extensions,britecsage,westus
britec-webgw,britec-webgw,Microsoft.Compute/virtualMachines,britecsage,westus
britec-webgw/Microsoft.Insights.VMDiagnosticsSettings,britec-webgw/Microsoft.Insights.VMDiagnosticsSettings,Microsoft.Compute/virtualMachines/extensions,britecsage,westus
testsqlbackup,testsqlbackup,Microsoft.Compute/virtualMachines,britecsage,westus
testsqlbackup/SqlIaasExtension,testsqlbackup/SqlIaasExtension,Microsoft.Compute/virtualMachines/extensions,britecsage,westus
britec-adcb1151,britec-adcb1151,Microsoft.Network/networkInterfaces,britecsage,westus
britec-mfa25,britec-mfa25,Microsoft.Network/networkInterfaces,britecsage,westus
britec-rdsh607,britec-rdsh607,Microsoft.Network/networkInterfaces,britecsage,westus
britec-webgw921,britec-webgw921,Microsoft.Network/networkInterfaces,britecsage,westus
sagesql972,sagesql972,Microsoft.Network/networkInterfaces,britecsage,westus
test712,test712,Microsoft.Network/networkInterfaces,britecsage,westus
testsqlbackup614,testsqlbackup614,Microsoft.Network/networkInterfaces,britecsage,westus
Britec-Adcb1-nsg,Britec-Adcb1-nsg,Microsoft.Network/networkSecurityGroups,britecsage,westus
Britec-MFA-nsg,Britec-MFA-nsg,Microsoft.Network/networkSecurityGroups,britecsage,westus
Britec-RDSH-nsg,Britec-RDSH-nsg,Microsoft.Network/networkSecurityGroups,britecsage,westus
britec-webgw-nsg,britec-webgw-nsg,Microsoft.Network/networkSecurityGroups,britecsage,westus
sagesql-nsg,sagesql-nsg,Microsoft.Network/networkSecurityGroups,britecsage,westus
test-nsg,test-nsg,Microsoft.Network/networkSecurityGroups,britecsage,westus
testsqlbackup-nsg,testsqlbackup-nsg,Microsoft.Network/networkSecurityGroups,britecsage,westus
Britec-Adcb1-ip,Britec-Adcb1-ip,Microsoft.Network/publicIPAddresses,britecsage,westus
Britec-MFA-ip,Britec-MFA-ip,Microsoft.Network/publicIPAddresses,britecsage,westus
Britec-RDSH-ip,Britec-RDSH-ip,Microsoft.Network/publicIPAddresses,britecsage,westus
britec-webgw-ip,britec-webgw-ip,Microsoft.Network/publicIPAddresses,britecsage,westus
sagesql-ip,sagesql-ip,Microsoft.Network/publicIPAddresses,britecsage,westus
test-ip,test-ip,Microsoft.Network/publicIPAddresses,britecsage,westus
testsqlbackup-ip,testsqlbackup-ip,Microsoft.Network/publicIPAddresses,britecsage,westus
britec-vnet,britec-vnet,Microsoft.Network/virtualNetworks,britecsage,westus
britecstorage,britecstorage,Microsoft.Storage/storageAccounts,britecsage,westus
testsql1234,testsql1234,Microsoft.Storage/storageAccounts,britecsage,westus
hio,hio,Microsoft.Network/virtualNetworks,bv,japanwest
ciscoASA-DEV-Nic1,ciscoASA-DEV-Nic1,Microsoft.Network/networkInterfaces,ciscoasadev,eastus2
ciscoASA-DEV-Nic2,ciscoASA-DEV-Nic2,Microsoft.Network/networkInterfaces,ciscoasadev,eastus2
ciscoASA-DEV-Nic3,ciscoASA-DEV-Nic3,Microsoft.Network/networkInterfaces,ciscoasadev,eastus2
ciscoASA-DEV-SSH-SecurityGroup,ciscoASA-DEV-SSH-SecurityGroup,Microsoft.Network/networkSecurityGroups,ciscoasadev,eastus2
ciscodevgw,ciscodevgw,Microsoft.Network/publicIPAddresses,ciscoasadev,eastus2
3rd-ASAv-RouteTable,3rd-ASAv-RouteTable,Microsoft.Network/routeTables,ciscoasadev,eastus2
4th-ASAv-RouteTable,4th-ASAv-RouteTable,Microsoft.Network/routeTables,ciscoasadev,eastus2
Backend-ASAv-RouteTable,Backend-ASAv-RouteTable,Microsoft.Network/routeTables,ciscoasadev,eastus2
FrontEnd-ASAv-RouteTable,FrontEnd-ASAv-RouteTable,Microsoft.Network/routeTables,ciscoasadev,eastus2
CiscoASA-Prod-Nic0,CiscoASA-Prod-Nic0,Microsoft.Network/networkInterfaces,ciscoasapoc,eastus2
CiscoASA-Prod-Nic1,CiscoASA-Prod-Nic1,Microsoft.Network/networkInterfaces,ciscoasapoc,eastus2
CiscoASA-Prod-Nic2,CiscoASA-Prod-Nic2,Microsoft.Network/networkInterfaces,ciscoasapoc,eastus2
CiscoASA-Prod-Nic3,CiscoASA-Prod-Nic3,Microsoft.Network/networkInterfaces,ciscoasapoc,eastus2
CiscoASA-Prod-SSH-SecurityGroup,CiscoASA-Prod-SSH-SecurityGroup,Microsoft.Network/networkSecurityGroups,ciscoasapoc,eastus2
ciscoASAprodgw,ciscoASAprodgw,Microsoft.Network/publicIPAddresses,ciscoasapoc,eastus2
3rd-ASAv-RouteTable,3rd-ASAv-RouteTable,Microsoft.Network/routeTables,ciscoasapoc,eastus2
4th-ASAv-RouteTable,4th-ASAv-RouteTable,Microsoft.Network/routeTables,ciscoasapoc,eastus2
Backend-ASAv-RouteTable,Backend-ASAv-RouteTable,Microsoft.Network/routeTables,ciscoasapoc,eastus2
FrontEnd-ASAv-RouteTable,FrontEnd-ASAv-RouteTable,Microsoft.Network/routeTables,ciscoasapoc,eastus2
CiscoASA-FW-Nic0,CiscoASA-FW-Nic0,Microsoft.Network/networkInterfaces,CiscoASARG,eastus2
CiscoASA-FW-Nic1,CiscoASA-FW-Nic1,Microsoft.Network/networkInterfaces,CiscoASARG,eastus2
CiscoASA-FW-Nic2,CiscoASA-FW-Nic2,Microsoft.Network/networkInterfaces,CiscoASARG,eastus2
CiscoASA-FW-Nic3,CiscoASA-FW-Nic3,Microsoft.Network/networkInterfaces,CiscoASARG,eastus2
CiscoASA-FW-SSH-SecurityGroup,CiscoASA-FW-SSH-SecurityGroup,Microsoft.Network/networkSecurityGroups,CiscoASARG,eastus2
ciscoasa-IP,ciscoasa-IP,Microsoft.Network/publicIPAddresses,CiscoASARG,eastus2
CiscoASAVNET-GW-IP,CiscoASAVNET-GW-IP,Microsoft.Network/publicIPAddresses,CiscoASARG,eastus2
E1-ASAv-RouteTable,E1-ASAv-RouteTable,Microsoft.Network/routeTables,CiscoASARG,eastus2
E2-ASAv-RouteTable,E2-ASAv-RouteTable,Microsoft.Network/routeTables,CiscoASARG,eastus2
E3-ASAv-RouteTable,E3-ASAv-RouteTable,Microsoft.Network/routeTables,CiscoASARG,eastus2
Outside-ASAv-RouteTable,Outside-ASAv-RouteTable,Microsoft.Network/routeTables,CiscoASARG,eastus2
cisasaVNET,cisasaVNET,Microsoft.Network/virtualNetworks,CiscoASARG,eastus2
CiscoCSR1000v-Nic0,CiscoCSR1000v-Nic0,Microsoft.Network/networkInterfaces,CiscoCSR1000RG,eastus2
CiscoCSR1000v-Nic1,CiscoCSR1000v-Nic1,Microsoft.Network/networkInterfaces,CiscoCSR1000RG,eastus2
CiscoCSR1000v-SSH-SecurityGroup,CiscoCSR1000v-SSH-SecurityGroup,Microsoft.Network/networkSecurityGroups,CiscoCSR1000RG,eastus2
ciscocsr1000ip,ciscocsr1000ip,Microsoft.Network/publicIPAddresses,CiscoCSR1000RG,eastus2
subnet1-CSR-RouteTable,subnet1-CSR-RouteTable,Microsoft.Network/routeTables,CiscoCSR1000RG,eastus2
subnet2-CSR-RouteTable,subnet2-CSR-RouteTable,Microsoft.Network/routeTables,CiscoCSR1000RG,eastus2
CiscoCSR1000VNET,CiscoCSR1000VNET,Microsoft.Network/virtualNetworks,CiscoCSR1000RG,eastus2
cisco-onprem-Nic0,cisco-onprem-Nic0,Microsoft.Network/networkInterfaces,ciscoonprem,eastus2
cisco-onprem-Nic1,cisco-onprem-Nic1,Microsoft.Network/networkInterfaces,ciscoonprem,eastus2
cisco-onprem-Nic2,cisco-onprem-Nic2,Microsoft.Network/networkInterfaces,ciscoonprem,eastus2
cisco-onprem-Nic3,cisco-onprem-Nic3,Microsoft.Network/networkInterfaces,ciscoonprem,eastus2
cisco-onprem-SSH-SecurityGroup,cisco-onprem-SSH-SecurityGroup,Microsoft.Network/networkSecurityGroups,ciscoonprem,eastus2
ciscoasa-onprem,ciscoasa-onprem,Microsoft.Network/publicIPAddresses,ciscoonprem,eastus2
Sub2-ASAv-RouteTable,Sub2-ASAv-RouteTable,Microsoft.Network/routeTables,ciscoonprem,eastus2
Sub3-ASAv-RouteTable,Sub3-ASAv-RouteTable,Microsoft.Network/routeTables,ciscoonprem,eastus2
sub4-ASAv-RouteTable,sub4-ASAv-RouteTable,Microsoft.Network/routeTables,ciscoonprem,eastus2
Subnet1-ASAv-RouteTable,Subnet1-ASAv-RouteTable,Microsoft.Network/routeTables,ciscoonprem,eastus2
Proactive Diagnostics - webapp3,Proactive Diagnostics - webapp3,microsoft.insights/alertrules,default-applicationinsights-centralus,eastus
Proactive Diagnostics - webapplication3,Proactive Diagnostics - webapplication3,microsoft.insights/alertrules,default-applicationinsights-centralus,eastus
webapp123,webapp123,microsoft.insights/components,Default-ApplicationInsights-CentralUS,eastus
webapp3,webapp3,microsoft.insights/components,Default-ApplicationInsights-CentralUS,eastus
webapplication2,webapplication2,microsoft.insights/components,Default-ApplicationInsights-CentralUS,eastus
webapplication3,webapplication3,microsoft.insights/components,Default-ApplicationInsights-CentralUS,eastus
classicvnet,classicvnet,Microsoft.ClassicNetwork/virtualNetworks,Default-Networking,southeastasia
powershelmigarm,powershelmigarm,Microsoft.ClassicNetwork/virtualNetworks,Default-Networking,westus
RebondsNetwork,RebondsNetwork,Microsoft.ClassicNetwork/virtualNetworks,Default-Networking,southeastasia
RGUKTdemo,RGUKTdemo,Microsoft.ClassicNetwork/virtualNetworks,Default-Networking,eastus
RGUKTVNET,RGUKTVNET,Microsoft.ClassicNetwork/virtualNetworks,Default-Networking,eastus
rkvnet,rkvnet,Microsoft.ClassicNetwork/virtualNetworks,Default-Networking,southeastasia
samplenet1,samplenet1,Microsoft.ClassicNetwork/virtualNetworks,Default-Networking,westus
testing,testing,Microsoft.ClassicNetwork/virtualNetworks,Default-Networking,eastus
Testingclassic,Testingclassic,Microsoft.ClassicNetwork/virtualNetworks,Default-Networking,southeastasia
testingnet,testingnet,Microsoft.ClassicNetwork/virtualNetworks,Default-Networking,southcentralus
testingvnet,testingvnet,Microsoft.ClassicNetwork/virtualNetworks,Default-Networking,eastus
testmigratenw,testmigratenw,Microsoft.ClassicNetwork/virtualNetworks,Default-Networking,eastus
Vistaranetwork,Vistaranetwork,Microsoft.ClassicNetwork/virtualNetworks,Default-Networking,southeastasia
VistaraTestNetwork,VistaraTestNetwork,Microsoft.ClassicNetwork/virtualNetworks,Default-Networking,westus
vnet1,vnet1,Microsoft.ClassicNetwork/virtualNetworks,Default-Networking,japanwest
cspazuretest,cspazuretest,Microsoft.ClassicStorage/storageAccounts,Default-Storage-CentralUS,centralus
n5portalvhdswj63sl7hq72f,n5portalvhdswj63sl7hq72f,Microsoft.ClassicStorage/storageAccounts,Default-Storage-CentralUS,centralus
kbportalvhdszbzl0n2ck0gz,kbportalvhdszbzl0n2ck0gz,Microsoft.ClassicStorage/storageAccounts,Default-Storage-EastAsia,eastasia
0qportalvhdshc7f8phrh7ts,0qportalvhdshc7f8phrh7ts,Microsoft.ClassicStorage/storageAccounts,Default-Storage-EastUS,eastus
psudhastorageaccount,psudhastorageaccount,Microsoft.ClassicStorage/storageAccounts,Default-Storage-EastUS,eastus
testmig2newportal,testmig2newportal,Microsoft.ClassicStorage/storageAccounts,Default-Storage-EastUS,eastus
0fportalvhdsv7tlx8fmxv27,0fportalvhdsv7tlx8fmxv27,Microsoft.ClassicStorage/storageAccounts,Default-Storage-JapanWest,japanwest
8yportalvhdsc30ms13v4zz2,8yportalvhdsc30ms13v4zz2,Microsoft.ClassicStorage/storageAccounts,Default-Storage-JapanWest,japanwest
9yportalvhds5hm5fg5gr47m,9yportalvhds5hm5fg5gr47m,Microsoft.ClassicStorage/storageAccounts,Default-Storage-NorthCentralUS,northcentralus
dgportalvhdsmg7c99qg0rtk,dgportalvhdsmg7c99qg0rtk,Microsoft.ClassicStorage/storageAccounts,Default-Storage-SouthCentralUS,southcentralus
teststorage90,teststorage90,Microsoft.ClassicStorage/storageAccounts,Default-Storage-SouthCentralUS,southcentralus
automationsa,automationsa,Microsoft.ClassicStorage/storageAccounts,Default-Storage-SoutheastAsia,southeastasia
classictwo,classictwo,Microsoft.ClassicStorage/storageAccounts,Default-Storage-SoutheastAsia,southeastasia
rebondsstorage,rebondsstorage,Microsoft.ClassicStorage/storageAccounts,Default-Storage-SoutheastAsia,southeastasia
wqportalvhds9q1bf8gs1ftq,wqportalvhds9q1bf8gs1ftq,Microsoft.ClassicStorage/storageAccounts,Default-Storage-SoutheastAsia,southeastasia
2tportalvhdsdczqkv0r16sf,2tportalvhdsdczqkv0r16sf,Microsoft.ClassicStorage/storageAccounts,Default-Storage-WestUS,westus
mmkkuu789,mmkkuu789,Microsoft.ClassicStorage/storageAccounts,Default-Storage-WestUS,westus
vg1,vg1,Microsoft.ClassicStorage/storageAccounts,Default-Storage-WestUS,westus
myfirsttraffic,myfirsttraffic,Microsoft.Network/trafficmanagerprofiles,Default-TrafficManager,global
newtmp,newtmp,Microsoft.Network/trafficmanagerprofiles,Default-TrafficManager,global
specializedVMNic,specializedVMNic,Microsoft.Network/networkInterfaces,demo,eastus
specializedVMPublicIP,specializedVMPublicIP,Microsoft.Network/publicIPAddresses,demo,eastus
specializedVMVNET,specializedVMVNET,Microsoft.Network/virtualNetworks,demo,eastus
testingvnet,testingvnet,Microsoft.Network/virtualNetworks,demo,eastus
demotestvm,demotestvm,Microsoft.ClassicCompute/domainNames,demotestvm,eastus
demotestvm,demotestvm,Microsoft.ClassicCompute/virtualMachines,demotestvm,eastus
availabilityset1,availabilityset1,Microsoft.Compute/availabilitySets,devopsgroup,westeurope
myubuntu,myubuntu,Microsoft.Compute/virtualMachines,devopsgroup,westeurope
myubuntu/CustomScriptForLinux,myubuntu/CustomScriptForLinux,Microsoft.Compute/virtualMachines/extensions,devopsgroup,westeurope
prodloadbalancer,prodloadbalancer,Microsoft.Network/loadBalancers,devopsgroup,westeurope
uatloadbalancer,uatloadbalancer,Microsoft.Network/loadBalancers,devopsgroup,westeurope
myubuntu179,myubuntu179,Microsoft.Network/networkInterfaces,devopsgroup,westeurope
puppetagent1,puppetagent1,Microsoft.Network/networkInterfaces,devopsgroup,westeurope
puppetagent2,puppetagent2,Microsoft.Network/networkInterfaces,devopsgroup,westeurope
puppetmaster,puppetmaster,Microsoft.Network/networkInterfaces,devopsgroup,westeurope
myubuntu-ip,myubuntu-ip,Microsoft.Network/publicIPAddresses,devopsgroup,westeurope
prodpublicip,prodpublicip,Microsoft.Network/publicIPAddresses,devopsgroup,westeurope
puppetagentip1,puppetagentip1,Microsoft.Network/publicIPAddresses,devopsgroup,westeurope
puppetagentip2,puppetagentip2,Microsoft.Network/publicIPAddresses,devopsgroup,westeurope
puppetmasterip,puppetmasterip,Microsoft.Network/publicIPAddresses,devopsgroup,westeurope
uatpublicip,uatpublicip,Microsoft.Network/publicIPAddresses,devopsgroup,westeurope
devopsvnet,devopsvnet,Microsoft.Network/virtualNetworks,devopsgroup,westeurope
divademo,divademo,microsoft.insights/components,divademorg,eastus
AutomationTest,AutomationTest,Microsoft.Automation/automationAccounts,forsample,northeurope
AutomationTest/AzureAutomationTutorial,AutomationTest/AzureAutomationTutorial,Microsoft.Automation/automationAccounts/runbooks,forsample,northeurope
AutomationTest/AzureAutomationTutorialScript,AutomationTest/AzureAutomationTutorialScript,Microsoft.Automation/automationAccounts/runbooks,forsample,northeurope
AutomationTest/AzureClassicAutomationTutorial,AutomationTest/AzureClassicAutomationTutorial,Microsoft.Automation/automationAccounts/runbooks,forsample,northeurope
AutomationTest/AzureClassicAutomationTutorialScript,AutomationTest/AzureClassicAutomationTutorialScript,Microsoft.Automation/automationAccounts/runbooks,forsample,northeurope
AutomationTest/Shutdown-Start-VMs-By-Resource-Group,AutomationTest/Shutdown-Start-VMs-By-Resource-Group,Microsoft.Automation/automationAccounts/runbooks,forsample,northeurope
AutomationTest/Start-VMsInOrder,AutomationTest/Start-VMsInOrder,Microsoft.Automation/automationAccounts/runbooks,forsample,northeurope
AutomationTest/Stop-AllAzureVMs,AutomationTest/Stop-AllAzureVMs,Microsoft.Automation/automationAccounts/runbooks,forsample,northeurope
AutomationTest/Stop-VMsInOrder,AutomationTest/Stop-VMsInOrder,Microsoft.Automation/automationAccounts/runbooks,forsample,northeurope
rds-ad-poc702,rds-ad-poc702,Microsoft.Network/networkInterfaces,forsample,northeurope
rds-desti124,rds-desti124,Microsoft.Network/networkInterfaces,forsample,northeurope
rds-vm488,rds-vm488,Microsoft.Network/networkInterfaces,forsample,northeurope
testvm335,testvm335,Microsoft.Network/networkInterfaces,forsample,northeurope
testvm-nsg,testvm-nsg,Microsoft.Network/networkSecurityGroups,forsample,northeurope
testvm-ip,testvm-ip,Microsoft.Network/publicIPAddresses,forsample,northeurope
forsample-vnet,forsample-vnet,Microsoft.Network/virtualNetworks,forsample,northeurope
forsample599,forsample599,Microsoft.Storage/storageAccounts,forsample,northeurope
sanjaytest26,sanjaytest26,Microsoft.Network/networkInterfaces,forsanjay,westus
sanjaytest-nsg,sanjaytest-nsg,Microsoft.Network/networkSecurityGroups,forsanjay,westus
forsanjay-vnet,forsanjay-vnet,Microsoft.Network/virtualNetworks,forsanjay,westus
forsanjaydiag678,forsanjaydiag678,Microsoft.Storage/storageAccounts,forsanjay,westus
forsanjaydisks755,forsanjaydisks755,Microsoft.Storage/storageAccounts,forsanjay,westus
gopinath-testdc,gopinath-testdc,Microsoft.Compute/virtualMachines,gopinath-bvrm--azurelabexam,westus
gopinath-testdc/VMSnapshot,gopinath-testdc/VMSnapshot,Microsoft.Compute/virtualMachines/extensions,gopinath-bvrm--azurelabexam,westus
gopitestsql,gopitestsql,Microsoft.Compute/virtualMachines,gopinath-bvrm--azurelabexam,westus
gopitestsql/SqlIaasExtension,gopitestsql/SqlIaasExtension,Microsoft.Compute/virtualMachines/extensions,gopinath-bvrm--azurelabexam,westus
gopitestsql/VMSnapshot,gopitestsql/VMSnapshot,Microsoft.Compute/virtualMachines/extensions,gopinath-bvrm--azurelabexam,westus
shutdown-computevm-gopinath-testdc,shutdown-computevm-gopinath-testdc,Microsoft.DevTestLab/schedules,gopinath-bvrm--azurelabexam,westus
gopinath-dc957,gopinath-dc957,Microsoft.Network/networkInterfaces,gopinath-bvrm--azurelabexam,westus
gopinath-sql389,gopinath-sql389,Microsoft.Network/networkInterfaces,gopinath-bvrm--azurelabexam,westus
gopinath-sql63,gopinath-sql63,Microsoft.Network/networkInterfaces,gopinath-bvrm--azurelabexam,westus
gopinath-testdc345,gopinath-testdc345,Microsoft.Network/networkInterfaces,gopinath-bvrm--azurelabexam,westus
gopitestsql10,gopitestsql10,Microsoft.Network/networkInterfaces,gopinath-bvrm--azurelabexam,westus
gopinath-dc-nsg,gopinath-dc-nsg,Microsoft.Network/networkSecurityGroups,gopinath-bvrm--azurelabexam,westus
gopinath-sql-nsg,gopinath-sql-nsg,Microsoft.Network/networkSecurityGroups,gopinath-bvrm--azurelabexam,westus
gopinath-testdc-nsg,gopinath-testdc-nsg,Microsoft.Network/networkSecurityGroups,gopinath-bvrm--azurelabexam,westus
gopinathsqlnsg355,gopinathsqlnsg355,Microsoft.Network/networkSecurityGroups,gopinath-bvrm--azurelabexam,westus
gopitestsql-nsg,gopitestsql-nsg,Microsoft.Network/networkSecurityGroups,gopinath-bvrm--azurelabexam,westus
gopinath-dc-ip,gopinath-dc-ip,Microsoft.Network/publicIPAddresses,gopinath-bvrm--azurelabexam,westus
gopinath-sql-ip,gopinath-sql-ip,Microsoft.Network/publicIPAddresses,gopinath-bvrm--azurelabexam,westus
gopinath-testdc-ip,gopinath-testdc-ip,Microsoft.Network/publicIPAddresses,gopinath-bvrm--azurelabexam,westus
gopinathsqlip576,gopinathsqlip576,Microsoft.Network/publicIPAddresses,gopinath-bvrm--azurelabexam,westus
gopitestsql-ip,gopitestsql-ip,Microsoft.Network/publicIPAddresses,gopinath-bvrm--azurelabexam,westus
gopinathtestvnet,gopinathtestvnet,Microsoft.Network/virtualNetworks,gopinath-bvrm--azurelabexam,westus
gopinathrec,gopinathrec,Microsoft.RecoveryServices/vaults,gopinath-bvrm--azurelabexam,westus
gopinathtestrec,gopinathtestrec,Microsoft.RecoveryServices/vaults,gopinath-bvrm--azurelabexam,westus
gopinathstorage,gopinathstorage,Microsoft.Storage/storageAccounts,gopinath-bvrm--azurelabexam,westus
gopinathteststorage2,gopinathteststorage2,Microsoft.Storage/storageAccounts,gopinath-bvrm--azurelabexam,eastus
newdc,newdc,Microsoft.Network/networkInterfaces,gopinath-testrg,eastus
newdc,newdc,Microsoft.Network/publicIPAddresses,gopinath-testrg,eastus
newsql,newsql,Microsoft.Network/publicIPAddresses,gopinath-testrg,eastus
gopinathtestvnet2,gopinathtestvnet2,Microsoft.Network/virtualNetworks,gopinath-testrg,eastus
gopinathstorage2,gopinathstorage2,Microsoft.Storage/storageAccounts,gopinath-testrg,eastus
Hyddc,Hyddc,Microsoft.Compute/virtualMachines,HydRsgGrp,ukwest
Hyddc/Microsoft.Insights.VMDiagnosticsSettings,Hyddc/Microsoft.Insights.VMDiagnosticsSettings,Microsoft.Compute/virtualMachines/extensions,HydRsgGrp,ukwest
HydtoBvrm,HydtoBvrm,Microsoft.Network/connections,HydRsgGrp,ukwest
hyddc217,hyddc217,Microsoft.Network/networkInterfaces,HydRsgGrp,ukwest
AADtest-nsg,AADtest-nsg,Microsoft.Network/networkSecurityGroups,HydRsgGrp,ukwest
DC-nsg,DC-nsg,Microsoft.Network/networkSecurityGroups,HydRsgGrp,ukwest
Hyddc-nsg,Hyddc-nsg,Microsoft.Network/networkSecurityGroups,HydRsgGrp,ukwest
AADtest-ip,AADtest-ip,Microsoft.Network/publicIPAddresses,HydRsgGrp,ukwest
DC-ip,DC-ip,Microsoft.Network/publicIPAddresses,HydRsgGrp,ukwest
Hyddc-ip,Hyddc-ip,Microsoft.Network/publicIPAddresses,HydRsgGrp,ukwest
HYDtoBVRM,HYDtoBVRM,Microsoft.Network/publicIPAddresses,HydRsgGrp,ukwest
HYDtoBVRM,HYDtoBVRM,Microsoft.Network/virtualNetworkGateways,HydRsgGrp,ukwest
HydNetwork,HydNetwork,Microsoft.Network/virtualNetworks,HydRsgGrp,ukwest
hydrsggrpdiag901,hydrsggrpdiag901,Microsoft.Storage/storageAccounts,HydRsgGrp,ukwest
testappservicevnet-vnet,testappservicevnet-vnet,Microsoft.Network/virtualNetworks,kartest,westus
ServicePlan6aeb9051-999c,ServicePlan6aeb9051-999c,Microsoft.Web/serverFarms,kartest,southcentralus
testsamplene,testsamplene,Microsoft.Web/sites,kartest,southcentralus
labbackup,labbackup,Microsoft.RecoveryServices/vaults,labexam2,eastus
labexam,labexam,Microsoft.RecoveryServices/vaults,labexam2,southeastasia
AsrVM1,AsrVM1,Microsoft.Compute/virtualMachines,ManjuASRRG,northcentralus
ASRVMConfig,ASRVMConfig,Microsoft.Compute/virtualMachines,ManjuASRRG,northcentralus
asrvm1604,asrvm1604,Microsoft.Network/networkInterfaces,ManjuASRRG,northcentralus
asrvmconfig369,asrvmconfig369,Microsoft.Network/networkInterfaces,ManjuASRRG,northcentralus
AsrVM1-nsg,AsrVM1-nsg,Microsoft.Network/networkSecurityGroups,ManjuASRRG,northcentralus
ASRVMConfig-nsg,ASRVMConfig-nsg,Microsoft.Network/networkSecurityGroups,ManjuASRRG,northcentralus
AsrVM1-ip,AsrVM1-ip,Microsoft.Network/publicIPAddresses,ManjuASRRG,northcentralus
ASRVMConfig-ip,ASRVMConfig-ip,Microsoft.Network/publicIPAddresses,ManjuASRRG,northcentralus
ASRTestVNET,ASRTestVNET,Microsoft.Network/virtualNetworks,ManjuASRRG,northcentralus
newmanjustorage,newmanjustorage,Microsoft.Storage/storageAccounts,ManjuASRRG,northcentralus
SpaceCS,SpaceCS,Microsoft.ClassicCompute/domainNames,ManjuRG,centralus
Manju-VM2,Manju-VM2,Microsoft.Compute/virtualMachines,ManjuRG,centralus
ManjuVM1,ManjuVM1,Microsoft.Compute/virtualMachines,ManjuRG,centralus
ManjuVM-RDCB,ManjuVM-RDCB,Microsoft.Compute/virtualMachines,ManjuRG,centralus
ManjuVm-RDSH1,ManjuVm-RDSH1,Microsoft.Compute/virtualMachines,ManjuRG,centralus
ManjuVM-WebGw1,ManjuVM-WebGw1,Microsoft.Compute/virtualMachines,ManjuRG,centralus
SpaceAD,SpaceAD,Microsoft.Compute/virtualMachines,ManjuRG,centralus
SpaceAD/IaaSDiagnostics,SpaceAD/IaaSDiagnostics,Microsoft.Compute/virtualMachines/extensions,ManjuRG,centralus
SpaceGWWeb,SpaceGWWeb,Microsoft.Compute/virtualMachines,ManjuRG,centralus
SpaceGWWeb/IaaSDiagnostics,SpaceGWWeb/IaaSDiagnostics,Microsoft.Compute/virtualMachines/extensions,ManjuRG,centralus
SpaceMFA,SpaceMFA,Microsoft.Compute/virtualMachines,ManjuRG,centralus
SpaceRDSH,SpaceRDSH,Microsoft.Compute/virtualMachines,ManjuRG,centralus
SpaceRDSH/IaaSDiagnostics,SpaceRDSH/IaaSDiagnostics,Microsoft.Compute/virtualMachines/extensions,ManjuRG,centralus
TestLinuxVM,TestLinuxVM,Microsoft.Compute/virtualMachines,ManjuRG,centralus
TestvmExchange,TestvmExchange,Microsoft.Compute/virtualMachines,ManjuRG,centralus
ububtuvm01,ububtuvm01,Microsoft.Compute/virtualMachines,ManjuRG,centralus
manju-vm2632,manju-vm2632,Microsoft.Network/networkInterfaces,ManjuRG,centralus
manjuvm160,manjuvm160,Microsoft.Network/networkInterfaces,ManjuRG,centralus
manjuvm-rdcb545,manjuvm-rdcb545,Microsoft.Network/networkInterfaces,ManjuRG,centralus
manjuvm-rdsh1206,manjuvm-rdsh1206,Microsoft.Network/networkInterfaces,ManjuRG,centralus
manjuvm-webgw1113,manjuvm-webgw1113,Microsoft.Network/networkInterfaces,ManjuRG,centralus
spacead261,spacead261,Microsoft.Network/networkInterfaces,ManjuRG,centralus
spacegwweb101,spacegwweb101,Microsoft.Network/networkInterfaces,ManjuRG,centralus
spacemfa608,spacemfa608,Microsoft.Network/networkInterfaces,ManjuRG,centralus
spacerdsh123,spacerdsh123,Microsoft.Network/networkInterfaces,ManjuRG,centralus
testlinuxvm620,testlinuxvm620,Microsoft.Network/networkInterfaces,ManjuRG,centralus
testvmexchange934,testvmexchange934,Microsoft.Network/networkInterfaces,ManjuRG,centralus
ububtuvm01627,ububtuvm01627,Microsoft.Network/networkInterfaces,ManjuRG,centralus
Manju-VM2-nsg,Manju-VM2-nsg,Microsoft.Network/networkSecurityGroups,ManjuRG,centralus
ManjuVM1-nsg,ManjuVM1-nsg,Microsoft.Network/networkSecurityGroups,ManjuRG,centralus
ManjuVM-RDCB-nsg,ManjuVM-RDCB-nsg,Microsoft.Network/networkSecurityGroups,ManjuRG,centralus
ManjuVm-RDSH1-nsg,ManjuVm-RDSH1-nsg,Microsoft.Network/networkSecurityGroups,ManjuRG,centralus
ManjuVM-WebGw1-nsg,ManjuVM-WebGw1-nsg,Microsoft.Network/networkSecurityGroups,ManjuRG,centralus
SpaceAD-nsg,SpaceAD-nsg,Microsoft.Network/networkSecurityGroups,ManjuRG,centralus
SpaceGWWeb-nsg,SpaceGWWeb-nsg,Microsoft.Network/networkSecurityGroups,ManjuRG,centralus
SpaceMFA-nsg,SpaceMFA-nsg,Microsoft.Network/networkSecurityGroups,ManjuRG,centralus
SpaceRDSH-nsg,SpaceRDSH-nsg,Microsoft.Network/networkSecurityGroups,ManjuRG,centralus
TestLinuxVM-nsg,TestLinuxVM-nsg,Microsoft.Network/networkSecurityGroups,ManjuRG,centralus
TestvmExchange-nsg,TestvmExchange-nsg,Microsoft.Network/networkSecurityGroups,ManjuRG,centralus
ububtuvm01-nsg,ububtuvm01-nsg,Microsoft.Network/networkSecurityGroups,ManjuRG,centralus
Manju-VM2-ip,Manju-VM2-ip,Microsoft.Network/publicIPAddresses,ManjuRG,centralus
ManjuVM1-ip,ManjuVM1-ip,Microsoft.Network/publicIPAddresses,ManjuRG,centralus
ManjuVM-RDCB-ip,ManjuVM-RDCB-ip,Microsoft.Network/publicIPAddresses,ManjuRG,centralus
ManjuVm-RDSH1-ip,ManjuVm-RDSH1-ip,Microsoft.Network/publicIPAddresses,ManjuRG,centralus
ManjuVM-WebGw1-ip,ManjuVM-WebGw1-ip,Microsoft.Network/publicIPAddresses,ManjuRG,centralus
ManjuVNGPIP,ManjuVNGPIP,Microsoft.Network/publicIPAddresses,ManjuRG,centralus
SpaceAD-ip,SpaceAD-ip,Microsoft.Network/publicIPAddresses,ManjuRG,centralus
SpaceGWWeb-ip,SpaceGWWeb-ip,Microsoft.Network/publicIPAddresses,ManjuRG,centralus
SpaceMFA-ip,SpaceMFA-ip,Microsoft.Network/publicIPAddresses,ManjuRG,centralus
SpaceRDSH-ip,SpaceRDSH-ip,Microsoft.Network/publicIPAddresses,ManjuRG,centralus
TestLinuxVM-ip,TestLinuxVM-ip,Microsoft.Network/publicIPAddresses,ManjuRG,centralus
TestvmExchange-ip,TestvmExchange-ip,Microsoft.Network/publicIPAddresses,ManjuRG,centralus
ububtuvm01-ip,ububtuvm01-ip,Microsoft.Network/publicIPAddresses,ManjuRG,centralus
ManjuVN,ManjuVN,Microsoft.Network/virtualNetworks,ManjuRG,centralus
Space-VNET,Space-VNET,Microsoft.Network/virtualNetworks,ManjuRG,centralus
ASRSpaceVault,ASRSpaceVault,Microsoft.RecoveryServices/vaults,ManjuRG,centralus
spacedbsql,spacedbsql,Microsoft.Sql/servers,ManjuRG,centralus
manjurgdisks751,manjurgdisks751,Microsoft.Storage/storageAccounts,ManjuRG,centralus
manjustorageaccount,manjustorageaccount,Microsoft.Storage/storageAccounts,ManjuRG,centralus
Spacetestapp,Spacetestapp,Microsoft.Web/serverFarms,ManjuRG,centralus
spacetestwp,spacetestwp,Microsoft.Web/sites,ManjuRG,centralus
migratetestDC,migratetestDC,Microsoft.ClassicCompute/domainNames,migratetestDC,eastus
Migratetst,Migratetst,Microsoft.ClassicCompute/domainNames,Migratetst,eastus
netenrichOMS,netenrichOMS,Microsoft.OperationalInsights/workspaces,mms-eus,eastus
myfirsttestrecoveryvault,myfirsttestrecoveryvault,Microsoft.RecoveryServices/vaults,myfirsttestrecoveryvault,japanwest
testwordpress117,testwordpress117,Microsoft.Network/networkInterfaces,mytestresourcegroup,southcentralus
testwordpress-nsg,testwordpress-nsg,Microsoft.Network/networkSecurityGroups,mytestresourcegroup,southcentralus
testwordpress-ip,testwordpress-ip,Microsoft.Network/publicIPAddresses,mytestresourcegroup,southcentralus
mytestresourcegroup-vnet,mytestresourcegroup-vnet,Microsoft.Network/virtualNetworks,mytestresourcegroup,southcentralus
testbackupvault,testbackupvault,Microsoft.RecoveryServices/vaults,mytestresourcegroup,southcentralus
mytestresourcegroup614,mytestresourcegroup614,Microsoft.Storage/storageAccounts,mytestresourcegroup,southcentralus
TestVnetGateway1,TestVnetGateway1,Microsoft.Network/publicIPAddresses,MyTestRG,westus
TestVnetGateway2,TestVnetGateway2,Microsoft.Network/publicIPAddresses,MyTestRG,southeastasia
TestVnetGateway1,TestVnetGateway1,Microsoft.Network/virtualNetworkGateways,MyTestRG,westus
TestVnetGateway2,TestVnetGateway2,Microsoft.Network/virtualNetworkGateways,MyTestRG,southeastasia
MyTestVnet1,MyTestVnet1,Microsoft.Network/virtualNetworks,MyTestRG,westus
MyTestVnet2,MyTestVnet2,Microsoft.Network/virtualNetworks,MyTestRG,southeastasia
mytestvirtual99,mytestvirtual99,Microsoft.ClassicCompute/domainNames,mytestvirtual99,southcentralus
app03,app03,Microsoft.Compute/virtualMachines,NElab,eastus
app03784,app03784,Microsoft.Network/networkInterfaces,NElab,eastus
app03-nsg,app03-nsg,Microsoft.Network/networkSecurityGroups,NElab,eastus
app03-ip,app03-ip,Microsoft.Network/publicIPAddresses,NElab,eastus
NElab-vnet,NElab-vnet,Microsoft.Network/virtualNetworks,NElab,eastus
nelabdiag609,nelabdiag609,Microsoft.Storage/storageAccounts,NElab,eastus
nelabdisks744,nelabdisks744,Microsoft.Storage/storageAccounts,NElab,eastus
neazurepack,neazurepack,Microsoft.Storage/storageAccounts,nepartners,northeurope
NRP-LB,NRP-LB,Microsoft.Network/loadBalancers,NRP-RG,westus
PublicIp,PublicIp,Microsoft.Network/publicIPAddresses,NRP-RG,westus
NRPVNet,NRPVNet,Microsoft.Network/virtualNetworks,NRP-RG,westus
configsrever,configsrever,Microsoft.Compute/virtualMachines,onpremservers,southeastasia
configsrever/Microsoft.Insights.VMDiagnosticsSettings,configsrever/Microsoft.Insights.VMDiagnosticsSettings,Microsoft.Compute/virtualMachines/extensions,onpremservers,southeastasia
onpremDC,onpremDC,Microsoft.Compute/virtualMachines,onpremservers,southeastasia
configsrever469,configsrever469,Microsoft.Network/networkInterfaces,onpremservers,southeastasia
onpremdc54,onpremdc54,Microsoft.Network/networkInterfaces,onpremservers,southeastasia
configsrever-nsg,configsrever-nsg,Microsoft.Network/networkSecurityGroups,onpremservers,southeastasia
onpremDC-nsg,onpremDC-nsg,Microsoft.Network/networkSecurityGroups,onpremservers,southeastasia
configsrever-ip,configsrever-ip,Microsoft.Network/publicIPAddresses,onpremservers,southeastasia
onpremDC-ip,onpremDC-ip,Microsoft.Network/publicIPAddresses,onpremservers,southeastasia
onpremnetwrok,onpremnetwrok,Microsoft.Network/virtualNetworks,onpremservers,southeastasia
storageonprem,storageonprem,Microsoft.Storage/storageAccounts,onpremservers,southeastasia
RDS-POC,RDS-POC,Microsoft.Compute/virtualMachines,POC,southeastasia
RDS-POC/Microsoft.Insights.VMDiagnosticsSettings,RDS-POC/Microsoft.Insights.VMDiagnosticsSettings,Microsoft.Compute/virtualMachines/extensions,POC,southeastasia
RDS-Win2016,RDS-Win2016,Microsoft.Compute/virtualMachines,POC,southeastasia
RDS-Win2016/Microsoft.Insights.VMDiagnosticsSettings,RDS-Win2016/Microsoft.Insights.VMDiagnosticsSettings,Microsoft.Compute/virtualMachines/extensions,POC,southeastasia
rds-poc88,rds-poc88,Microsoft.Network/networkInterfaces,POC,southeastasia
rds-win2016207,rds-win2016207,Microsoft.Network/networkInterfaces,POC,southeastasia
RDS-POC,RDS-POC,Microsoft.Network/networkSecurityGroups,POC,southeastasia
RDS-Win2016,RDS-Win2016,Microsoft.Network/networkSecurityGroups,POC,southeastasia
RDS-POC,RDS-POC,Microsoft.Network/publicIPAddresses,POC,southeastasia
RDS-Win2016,RDS-Win2016,Microsoft.Network/publicIPAddresses,POC,southeastasia
testcs123,testcs123,Microsoft.Network/publicIPAddresses,POC,eastasia
POC,POC,Microsoft.Network/virtualNetworks,POC,southeastasia
poc3105,poc3105,Microsoft.Storage/storageAccounts,POC,southeastasia
pocstr,pocstr,Microsoft.Storage/storageAccounts,POC,southeastasia
powershelvmmig,powershelvmmig,Microsoft.ClassicCompute/domainNames,powershelvmmig,westus
powershelvmmig,powershelvmmig,Microsoft.ClassicCompute/virtualMachines,powershelvmmig,westus
ramyarsv,ramyarsv,Microsoft.RecoveryServices/vaults,ramya-bvrm-azurelabexam,australiasoutheast
DCAD,DCAD,Microsoft.Compute/virtualMachines,RDSAuto,westus
RDCB,RDCB,Microsoft.Compute/virtualMachines,RDSAuto,westus
RDCB/RDcb,RDCB/RDcb,Microsoft.Compute/virtualMachines/extensions,RDSAuto,westus
RDSH,RDSH,Microsoft.Compute/virtualMachines,RDSAuto,westus
RDSH/RDSH,RDSH/RDSH,Microsoft.Compute/virtualMachines/extensions,RDSAuto,westus
RDWG2,RDWG2,Microsoft.Compute/virtualMachines,RDSAuto,westus
RDWG2/RDDsc,RDWG2/RDDsc,Microsoft.Compute/virtualMachines/extensions,RDSAuto,westus
dcad335,dcad335,Microsoft.Network/networkInterfaces,RDSAuto,westus
rdcb450,rdcb450,Microsoft.Network/networkInterfaces,RDSAuto,westus
rdsh904,rdsh904,Microsoft.Network/networkInterfaces,RDSAuto,westus
rdwg2329,rdwg2329,Microsoft.Network/networkInterfaces,RDSAuto,westus
RDCB-nsg,RDCB-nsg,Microsoft.Network/networkSecurityGroups,RDSAuto,westus
RDSAuto-nsg,RDSAuto-nsg,Microsoft.Network/networkSecurityGroups,RDSAuto,westus
RDWG2-nsg,RDWG2-nsg,Microsoft.Network/networkSecurityGroups,RDSAuto,westus
RDWG-nsg,RDWG-nsg,Microsoft.Network/networkSecurityGroups,RDSAuto,westus
RDWGnsg230,RDWGnsg230,Microsoft.Network/networkSecurityGroups,RDSAuto,westus
DCAD-ip,DCAD-ip,Microsoft.Network/publicIPAddresses,RDSAuto,westus
RDCB-ip,RDCB-ip,Microsoft.Network/publicIPAddresses,RDSAuto,westus
RDSH-ip,RDSH-ip,Microsoft.Network/publicIPAddresses,RDSAuto,westus
RDWG2-ip,RDWG2-ip,Microsoft.Network/publicIPAddresses,RDSAuto,westus
RDWG-ip,RDWG-ip,Microsoft.Network/publicIPAddresses,RDSAuto,westus
RDWGip258,RDWGip258,Microsoft.Network/publicIPAddresses,RDSAuto,westus
RDSAuto-vnet,RDSAuto-vnet,Microsoft.Network/virtualNetworks,RDSAuto,westus
testrecovery,testrecovery,Microsoft.RecoveryServices/vaults,RDSAuto,westus
rdsautostg,rdsautostg,Microsoft.Storage/storageAccounts,RDSAuto,westus
sqlurlstg,sqlurlstg,Microsoft.Storage/storageAccounts,RDSAuto,southeastasia
rdsad,rdsad,Microsoft.Compute/virtualMachines,rdslabrg,japanwest
rdsserver,rdsserver,Microsoft.Compute/virtualMachines,rdslabrg,japanwest
rdsvm,rdsvm,Microsoft.Compute/virtualMachines,rdslabrg,japanwest
rdsad784,rdsad784,Microsoft.Network/networkInterfaces,rdslabrg,japanwest
rdsserver24,rdsserver24,Microsoft.Network/networkInterfaces,rdslabrg,japanwest
rdsvm939,rdsvm939,Microsoft.Network/networkInterfaces,rdslabrg,japanwest
rdsad-nsg,rdsad-nsg,Microsoft.Network/networkSecurityGroups,rdslabrg,japanwest
rdsserver-nsg,rdsserver-nsg,Microsoft.Network/networkSecurityGroups,rdslabrg,japanwest
rdsvm-nsg,rdsvm-nsg,Microsoft.Network/networkSecurityGroups,rdslabrg,japanwest
rdsad-ip,rdsad-ip,Microsoft.Network/publicIPAddresses,rdslabrg,japanwest
rdsserver-ip,rdsserver-ip,Microsoft.Network/publicIPAddresses,rdslabrg,japanwest
rdsvm-ip,rdsvm-ip,Microsoft.Network/publicIPAddresses,rdslabrg,japanwest
rdsvnet,rdsvnet,Microsoft.Network/virtualNetworks,rdslabrg,japanwest
rajiv123,rajiv123,Microsoft.Storage/storageAccounts,rdslabrg,japanwest
rdslabrgdiag897,rdslabrgdiag897,Microsoft.Storage/storageAccounts,rdslabrg,japanwest
rdslabrgdisksad276,rdslabrgdisksad276,Microsoft.Storage/storageAccounts,rdslabrg,japanwest
rdsstor,rdsstor,Microsoft.Storage/storageAccounts,rdslabrg,japanwest
RGUKTBackup,RGUKTBackup,microsoft.backup/BackupVault,RecoveryServices-OYHMCRMRCP5UBMX7MXPWWTHKYHZVBSBTFGZVASHG3TFLTZDGMK5Q-Brazil-South,brazilsouth
Test,Test,microsoft.backup/BackupVault,RecoveryServices-OYHMCRMRCP5UBMX7MXPWWTHKYHZVBSBTFGZVASHG3TFLTZDGMK5Q-Southeast-Asia,southeastasia
RGUKTvault,RGUKTvault,microsoft.backup/BackupVault,RecoveryServices-OYHMCRMRCP5UBMX7MXPWWTHKYHZVBSBTFGZVASHG3TFLTZDGMK5Q-East-Asia,eastasia
sunvault,sunvault,microsoft.backup/BackupVault,RecoveryServices-OYHMCRMRCP5UBMX7MXPWWTHKYHZVBSBTFGZVASHG3TFLTZDGMK5Q-East-US,eastus
testingvault,testingvault,microsoft.backup/BackupVault,RecoveryServices-OYHMCRMRCP5UBMX7MXPWWTHKYHZVBSBTFGZVASHG3TFLTZDGMK5Q-East-US,eastus
Testvault,Testvault,microsoft.backup/BackupVault,RecoveryServices-OYHMCRMRCP5UBMX7MXPWWTHKYHZVBSBTFGZVASHG3TFLTZDGMK5Q-East-US,eastus
testbackupvault9,testbackupvault9,microsoft.backup/BackupVault,RecoveryServices-OYHMCRMRCP5UBMX7MXPWWTHKYHZVBSBTFGZVASHG3TFLTZDGMK5Q-South-Central-US,southcentralus
gopinath-testvault,gopinath-testvault,microsoft.backup/BackupVault,RecoveryServices-OYHMCRMRCP5UBMX7MXPWWTHKYHZVBSBTFGZVASHG3TFLTZDGMK5Q-West-US,westus
AAccountClassic,AAccountClassic,Microsoft.Automation/automationAccounts,resourcegrp-bhaskar,southeastasia
AAccountClassic/Stop-AllClassicVMs,AAccountClassic/Stop-AllClassicVMs,Microsoft.Automation/automationAccounts/runbooks,resourcegrp-bhaskar,southeastasia
bhaskaraccount,bhaskaraccount,Microsoft.Automation/automationAccounts,resourcegrp-bhaskar,southeastasia
bhaskaraccount/sample,bhaskaraccount/sample,Microsoft.Automation/automationAccounts/runbooks,resourcegrp-bhaskar,southeastasia
bhaskaraccount/sample2,bhaskaraccount/sample2,Microsoft.Automation/automationAccounts/runbooks,resourcegrp-bhaskar,southeastasia
Alien,Alien,Microsoft.Compute/virtualMachines,resourcegrp-bhaskar,westeurope
Alien/BGInfo,Alien/BGInfo,Microsoft.Compute/virtualMachines/extensions,resourcegrp-bhaskar,westeurope
Alien/IaaSDiagnostics,Alien/IaaSDiagnostics,Microsoft.Compute/virtualMachines/extensions,resourcegrp-bhaskar,westeurope
Alientvault,Alientvault,Microsoft.Compute/virtualMachines,resourcegrp-bhaskar,westeurope
Alientvault/enablevmaccess,Alientvault/enablevmaccess,Microsoft.Compute/virtualMachines/extensions,resourcegrp-bhaskar,westeurope
Alientvault/Microsoft.Powershell.DSC,Alientvault/Microsoft.Powershell.DSC,Microsoft.Compute/virtualMachines/extensions,resourcegrp-bhaskar,westeurope
VMForAutoTest,VMForAutoTest,Microsoft.Compute/virtualMachines,resourcegrp-bhaskar,westeurope
VMForAutoTest/Microsoft.Insights.VMDiagnosticsSettings,VMForAutoTest/Microsoft.Insights.VMDiagnosticsSettings,Microsoft.Compute/virtualMachines/extensions,resourcegrp-bhaskar,westeurope
vmforautotest/VMSnapshot,vmforautotest/VMSnapshot,Microsoft.Compute/virtualMachines/extensions,resourcegrp-bhaskar,westeurope
TestLB,TestLB,Microsoft.Network/loadBalancers,resourcegrp-bhaskar,westeurope
Alien,Alien,Microsoft.Network/networkInterfaces,resourcegrp-bhaskar,westeurope
AlienNew,AlienNew,Microsoft.Network/networkInterfaces,resourcegrp-bhaskar,westeurope
alientvault379,alientvault379,Microsoft.Network/networkInterfaces,resourcegrp-bhaskar,westeurope
mylinuxbox403,mylinuxbox403,Microsoft.Network/networkInterfaces,resourcegrp-bhaskar,westeurope
nic123-test,nic123-test,Microsoft.Network/networkInterfaces,resourcegrp-bhaskar,westeurope
puppet991,puppet991,Microsoft.Network/networkInterfaces,resourcegrp-bhaskar,westeurope
vmforautotest249,vmforautotest249,Microsoft.Network/networkInterfaces,resourcegrp-bhaskar,westeurope
AlienVM,AlienVM,Microsoft.Network/networkSecurityGroups,resourcegrp-bhaskar,westeurope
automationtest,automationtest,Microsoft.Network/networkSecurityGroups,resourcegrp-bhaskar,eastasia
nic123-test01,nic123-test01,Microsoft.Network/networkSecurityGroups,resourcegrp-bhaskar,westeurope
publicip-101,publicip-101,Microsoft.Network/networkSecurityGroups,resourcegrp-bhaskar,westeurope
publicip-201,publicip-201,Microsoft.Network/networkSecurityGroups,resourcegrp-bhaskar,westeurope
AlientMem-ip,AlientMem-ip,Microsoft.Network/publicIPAddresses,resourcegrp-bhaskar,westeurope
Alientvault-ip,Alientvault-ip,Microsoft.Network/publicIPAddresses,resourcegrp-bhaskar,westeurope
AlievVaultPIP,AlievVaultPIP,Microsoft.Network/publicIPAddresses,resourcegrp-bhaskar,westeurope
diskfromvhd123,diskfromvhd123,Microsoft.Network/publicIPAddresses,resourcegrp-bhaskar,eastasia
mylinuxbox-ip,mylinuxbox-ip,Microsoft.Network/publicIPAddresses,resourcegrp-bhaskar,westeurope
Puppet-ip,Puppet-ip,Microsoft.Network/publicIPAddresses,resourcegrp-bhaskar,westeurope
testubuntu-ip,testubuntu-ip,Microsoft.Network/publicIPAddresses,resourcegrp-bhaskar,westeurope
VMForAutoTest-ip,VMForAutoTest-ip,Microsoft.Network/publicIPAddresses,resourcegrp-bhaskar,westeurope
Automation-VNet,Automation-VNet,Microsoft.Network/virtualNetworks,resourcegrp-bhaskar,westeurope
EastAsiaNet,EastAsiaNet,Microsoft.Network/virtualNetworks,resourcegrp-bhaskar,eastasia
bhaskar,bhaskar,Microsoft.OperationalInsights/workspaces,resourcegrp-bhaskar,southeastasia
AutomationTest,AutomationTest,Microsoft.RecoveryServices/vaults,resourcegrp-bhaskar,eastasia
storagebhaskar,storagebhaskar,Microsoft.Storage/storageAccounts,resourcegrp-bhaskar,eastasia
storageforautomation,storageforautomation,Microsoft.Storage/storageAccounts,resourcegrp-bhaskar,westeurope
NSG-FrontEnd,NSG-FrontEnd,Microsoft.Network/networkSecurityGroups,RGroup,southcentralus
TestVNet,TestVNet,Microsoft.Network/virtualNetworks,RGroup,southcentralus
teststoragehari,teststoragehari,Microsoft.Storage/storageAccounts,RGroup,southcentralus
todelete,todelete,Microsoft.Network/virtualNetworks,RGUKTvault,eastus
RGUKTest,RGUKTest,Microsoft.RecoveryServices/vaults,RGUKTvault,eastus
RGUKTVM1,RGUKTVM1,Microsoft.ClassicCompute/domainNames,RGUKTVM1,southeastasia
RGUVM1,RGUVM1,Microsoft.ClassicCompute/domainNames,RGUVM1,eastus
Azure2008,Azure2008,Microsoft.ClassicCompute/virtualMachines,RGUVM1,eastus
RGUSQL,RGUSQL,Microsoft.ClassicCompute/virtualMachines,RGUVM1,eastus
RGUVM1,RGUVM1,Microsoft.ClassicCompute/virtualMachines,RGUVM1,eastus
RGUVM3,RGUVM3,Microsoft.ClassicCompute/virtualMachines,RGUVM1,eastus
RGUVM2,RGUVM2,Microsoft.ClassicCompute/domainNames,RGUVM2,eastus
Azure2016,Azure2016,Microsoft.ClassicCompute/virtualMachines,RGUVM2,eastus
RGUVM2,RGUVM2,Microsoft.ClassicCompute/virtualMachines,RGUVM2,eastus
rksqltestvm10,rksqltestvm10,Microsoft.Compute/virtualMachines,rktestgrp10,uksouth
rksqltestvm10/SqlIaasExtension,rksqltestvm10/SqlIaasExtension,Microsoft.Compute/virtualMachines/extensions,rktestgrp10,uksouth
rksqltestvm10903,rksqltestvm10903,Microsoft.Network/networkInterfaces,rktestgrp10,uksouth
rksqltestvm10-nsg,rksqltestvm10-nsg,Microsoft.Network/networkSecurityGroups,rktestgrp10,uksouth
rksqltestvm10-ip,rksqltestvm10-ip,Microsoft.Network/publicIPAddresses,rktestgrp10,uksouth
rkvnet10,rkvnet10,Microsoft.Network/virtualNetworks,rktestgrp10,uksouth
rkdelltestbackupstorage,rkdelltestbackupstorage,Microsoft.Storage/storageAccounts,rktestgrp10,uksouth
rkteststorage10,rkteststorage10,Microsoft.Storage/storageAccounts,rktestgrp10,uksouth
ASR-PS,ASR-PS,Microsoft.Compute/virtualMachines,RTechRG,eastus2
DEVVM,DEVVM,Microsoft.Compute/virtualMachines,RTechRG,eastus2
DEVVM/Microsoft.Insights.VMDiagnosticsSettings,DEVVM/Microsoft.Insights.VMDiagnosticsSettings,Microsoft.Compute/virtualMachines/extensions,RTechRG,eastus2
asr-ps703,asr-ps703,Microsoft.Network/networkInterfaces,RTechRG,eastus2
devvm804,devvm804,Microsoft.Network/networkInterfaces,RTechRG,eastus2
prodvm89,prodvm89,Microsoft.Network/networkInterfaces,RTechRG,eastus2
pvet3vm561,pvet3vm561,Microsoft.Network/networkInterfaces,RTechRG,eastus2
pvnet1vm262,pvnet1vm262,Microsoft.Network/networkInterfaces,RTechRG,eastus2
ASR-PS-nsg,ASR-PS-nsg,Microsoft.Network/networkSecurityGroups,RTechRG,eastus2
PVET3VM-nsg,PVET3VM-nsg,Microsoft.Network/networkSecurityGroups,RTechRG,eastus2
PVNET1VM-nsg,PVNET1VM-nsg,Microsoft.Network/networkSecurityGroups,RTechRG,eastus2
ASR-PS-ip,ASR-PS-ip,Microsoft.Network/publicIPAddresses,RTechRG,eastus2
DEVVM-ip,DEVVM-ip,Microsoft.Network/publicIPAddresses,RTechRG,eastus2
DevVNET-GW-IP,DevVNET-GW-IP,Microsoft.Network/publicIPAddresses,RTechRG,eastus2
ProdVM-ip,ProdVM-ip,Microsoft.Network/publicIPAddresses,RTechRG,eastus2
ProdVNET-GW-IP,ProdVNET-GW-IP,Microsoft.Network/publicIPAddresses,RTechRG,eastus2
PVET3VM-ip,PVET3VM-ip,Microsoft.Network/publicIPAddresses,RTechRG,eastus2
PVNET1VM-ip,PVNET1VM-ip,Microsoft.Network/publicIPAddresses,RTechRG,eastus2
UDR,UDR,Microsoft.Network/routeTables,RTechRG,eastus2
DevVNET,DevVNET,Microsoft.Network/virtualNetworks,RTechRG,eastus2
On-Premises,On-Premises,Microsoft.Network/virtualNetworks,RTechRG,eastus2
ProdVNET,ProdVNET,Microsoft.Network/virtualNetworks,RTechRG,eastus2
PVNET1,PVNET1,Microsoft.Network/virtualNetworks,RTechRG,eastus2
PVNET3,PVNET3,Microsoft.Network/virtualNetworks,RTechRG,eastus2
rtechrgdiag181,rtechrgdiag181,Microsoft.Storage/storageAccounts,RTechRG,eastus2
rtechrgdisks488,rtechrgdisks488,Microsoft.Storage/storageAccounts,RTechRG,eastus2
rtechstr,rtechstr,Microsoft.Storage/storageAccounts,RTechRG,eastus2
sagedbserver,sagedbserver,Microsoft.Sql/servers,sagebritec,westus
samplelab,samplelab,Microsoft.DevTestLab/labs,samplelabRG883310,westus
samplelab9306,samplelab9306,Microsoft.KeyVault/vaults,samplelabrg883310,westus
Dtlsamplelab,Dtlsamplelab,Microsoft.Network/virtualNetworks,samplelabRG883310,westus
asamplelab9418,asamplelab9418,Microsoft.Storage/storageAccounts,samplelabRG883310,westus
dpsamplelab9307,dpsamplelab9307,Microsoft.Storage/storageAccounts,samplelabRG883310,westus
dsamplelab3803,dsamplelab3803,Microsoft.Storage/storageAccounts,samplelabRG883310,westus
sample231,sample231,Microsoft.Network/networkInterfaces,samplerg123,westeurope
samplevm1a363f1f3-eb17-4398-b049-18d367df1f00,samplevm1a363f1f3-eb17-4398-b049-18d367df1f00,Microsoft.Network/networkInterfaces,samplerg123,westeurope
sample-nsg,sample-nsg,Microsoft.Network/networkSecurityGroups,samplerg123,westeurope
sample-ip,sample-ip,Microsoft.Network/publicIPAddresses,samplerg123,westeurope
samplerg123,samplerg123,Microsoft.Network/publicIPAddresses,samplerg123,westeurope
samplerg123-vnet,samplerg123-vnet,Microsoft.Network/virtualNetworks,samplerg123,westeurope
scriptfile,scriptfile,Microsoft.Storage/storageAccounts,scriptfiles,southcentralus
1me8e5vx3cl3,1me8e5vx3cl3,Microsoft.Sql/servers,Server-Migration-SoutheastAsia,southeastasia
sketchdemo,sketchdemo,Microsoft.Storage/storageAccounts,sketchdemo,southeastasia
sqltesting123,sqltesting123,Microsoft.ClassicCompute/domainNames,sqltesting123,eastus
sscopyvhds,sscopyvhds,Microsoft.Storage/storageAccounts,sscopyvhds,southcentralus
SudhakarP,SudhakarP,Microsoft.DevTestLab/labs,SudhakarPRG832351,eastus
SudhakarP9378,SudhakarP9378,Microsoft.KeyVault/vaults,sudhakarprg832351,eastus
DtlSudhakarP,DtlSudhakarP,Microsoft.Network/virtualNetworks,SudhakarPRG832351,eastus
sudhakarp445,sudhakarp445,Microsoft.Storage/storageAccounts,SudhakarPRG832351,eastus
sudhakarp531,sudhakarp531,Microsoft.Storage/storageAccounts,SudhakarPRG832351,eastus
SudhaPVNET,SudhaPVNET,Microsoft.Network/virtualNetworks,SudhaPRG,eastus
sunvmtest,sunvmtest,Microsoft.ClassicCompute/domainNames,sunvmtest,eastus
iistesting,iistesting,Microsoft.ClassicCompute/virtualMachines,sunvmtest,eastus
testwebsitemanagment,testwebsitemanagment,Microsoft.Automation/automationAccounts,testautomation,southcentralus
testwebsitemanagment/AzureAutomationTutorial,testwebsitemanagment/AzureAutomationTutorial,Microsoft.Automation/automationAccounts/runbooks,testautomation,southcentralus
testwebsitemanagment/AzureAutomationTutorialScript,testwebsitemanagment/AzureAutomationTutorialScript,Microsoft.Automation/automationAccounts/runbooks,testautomation,southcentralus
testwebsitemanagment/AzureClassicAutomationTutorial,testwebsitemanagment/AzureClassicAutomationTutorial,Microsoft.Automation/automationAccounts/runbooks,testautomation,southcentralus
testwebsitemanagment/AzureClassicAutomationTutorialScript,testwebsitemanagment/AzureClassicAutomationTutorialScript,Microsoft.Automation/automationAccounts/runbooks,testautomation,southcentralus
NSG-SUbnet1,NSG-SUbnet1,Microsoft.Network/networkSecurityGroups,testazurerg,ukwest
TestVNet,TestVNet,Microsoft.Network/virtualNetworks,testazurerg,ukwest
teststoreac666,teststoreac666,Microsoft.Storage/storageAccounts,testazurerg,ukwest
testcloudservicene,testcloudservicene,Microsoft.ClassicCompute/domainNames,testcloudservicene,eastus
testvm210218,testvm210218,Microsoft.Network/networkInterfaces,testdelete,eastus
testvm210-nsg,testvm210-nsg,Microsoft.Network/networkSecurityGroups,testdelete,eastus
testvm210-ip,testvm210-ip,Microsoft.Network/publicIPAddresses,testdelete,eastus
testdelete-vnet,testdelete-vnet,Microsoft.Network/virtualNetworks,testdelete,eastus
blobazurene,blobazurene,Microsoft.Storage/storageAccounts,testhotstorage,westcentralus
testin1,testin1,Microsoft.ClassicCompute/domainNames,testin1,eastus
testin,testin,Microsoft.ClassicCompute/virtualMachines,testin1,eastus
testing,testing,Microsoft.ClassicCompute/virtualMachines,testin1,eastus
testingdemo,testingdemo,microsoft.cdn/profiles,testingdemo,southcentralus
frontendvnet-ip,frontendvnet-ip,Microsoft.Network/publicIPAddresses,testingdemo,southcentralus
frontendvnet-gateway,frontendvnet-gateway,Microsoft.Network/virtualNetworkGateways,testingdemo,southcentralus
frontendvnet,frontendvnet,Microsoft.Network/virtualNetworks,testingdemo,southcentralus
testingexten,testingexten,Microsoft.ClassicCompute/domainNames,testingexten,eastus
testingexten,testingexten,Microsoft.ClassicCompute/virtualMachines,testingexten,eastus
testingwebworker,testingwebworker,Microsoft.ClassicCompute/domainNames,testingwebworker,eastus
uniqueresourceiii,uniqueresourceiii,Microsoft.Network/publicIPAddresses,testlaptop,southeastasia
testlaptopMARS,testlaptopMARS,Microsoft.RecoveryServices/vaults,testlaptop,southeastasia
testmigratedc-defaultAS,testmigratedc-defaultAS,Microsoft.Compute/availabilitySets,testmigrateArm,eastus
testmigratedc,testmigratedc,Microsoft.Compute/virtualMachines,testmigrateArm,eastus
testmigratedc,testmigratedc,Microsoft.Network/loadBalancers,testmigrateArm,eastus
testmigratedc,testmigratedc,Microsoft.Network/networkInterfaces,testmigrateArm,eastus
testmigratedc-PIP,testmigratedc-PIP,Microsoft.Network/publicIPAddresses,testmigrateArm,eastus
testmigratenw,testmigratenw,Microsoft.Network/virtualNetworks,testmigrateArm,eastus
testmig2newportalv2,testmig2newportalv2,Microsoft.Storage/storageAccounts,testmigrateArm,eastus
testmigratedc,testmigratedc,Microsoft.ClassicCompute/domainNames,testmigratedc,eastus
testmigratedc,testmigratedc,Microsoft.ClassicCompute/virtualMachines,testmigratedc,eastus
testing653,testing653,Microsoft.Network/networkInterfaces,testresourcegroup,southeastasia
Testing,Testing,Microsoft.Network/networkSecurityGroups,testresourcegroup,southeastasia
Testing,Testing,Microsoft.Network/publicIPAddresses,testresourcegroup,southeastasia
testresourcegroup,testresourcegroup,Microsoft.Network/virtualNetworks,testresourcegroup,southeastasia
teststorageforlt,teststorageforlt,Microsoft.Storage/storageAccounts,testresourcegroup,southeastasia
MyVirtualNetworksudha,MyVirtualNetworksudha,Microsoft.Network/virtualNetworks,TestResourceGroup1234,eastus
NSG-BackEnd,NSG-BackEnd,Microsoft.Network/networkSecurityGroups,TestRG,westus
testvault,testvault,Microsoft.RecoveryServices/vaults,testrg,eastus2
testsqlvm24,testsqlvm24,Microsoft.Compute/virtualMachines,testrg303,northcentralus
testsqlvm24/SqlIaasExtension,testsqlvm24/SqlIaasExtension,Microsoft.Compute/virtualMachines/extensions,testrg303,northcentralus
testsqlvm24767,testsqlvm24767,Microsoft.Network/networkInterfaces,testrg303,northcentralus
testsqlvm24-nsg,testsqlvm24-nsg,Microsoft.Network/networkSecurityGroups,testrg303,northcentralus
testsqlvm24-ip,testsqlvm24-ip,Microsoft.Network/publicIPAddresses,testrg303,northcentralus
testrg303-vnet,testrg303-vnet,Microsoft.Network/virtualNetworks,testrg303,northcentralus
testrg303diag241,testrg303diag241,Microsoft.Storage/storageAccounts,testrg303,northcentralus
testrgatoreac303,testrgatoreac303,Microsoft.Storage/storageAccounts,testrg303,northcentralus
test112345,test112345,Microsoft.Storage/storageAccounts,testrg345,eastus
teststorage190,teststorage190,Microsoft.Storage/storageAccounts,testrg345,eastus
CPUHigh testplan4567,CPUHigh testplan4567,microsoft.insights/alertrules,testrg8976,eastus
ForbiddenRequests visualtestap,ForbiddenRequests visualtestap,microsoft.insights/alertrules,testrg8976,eastus
LongHttpQueue testplan4567,LongHttpQueue testplan4567,microsoft.insights/alertrules,testrg8976,eastus
ServerErrors visualtestap,ServerErrors visualtestap,microsoft.insights/alertrules,testrg8976,eastus
testplan4567-testrg8976,testplan4567-testrg8976,microsoft.insights/autoscalesettings,testrg8976,eastus
visualtestap,visualtestap,microsoft.insights/components,testrg8976,eastus
ADRds,ADRds,Microsoft.Compute/virtualMachines,testrgp,westus
memberRD,memberRD,Microsoft.Compute/virtualMachines,testrgp,westus
adrds605,adrds605,Microsoft.Network/networkInterfaces,testrgp,westus
memberrd540,memberrd540,Microsoft.Network/networkInterfaces,testrgp,westus
ADRds-nsg,ADRds-nsg,Microsoft.Network/networkSecurityGroups,testrgp,westus
memberRD-nsg,memberRD-nsg,Microsoft.Network/networkSecurityGroups,testrgp,westus
ADRds-ip,ADRds-ip,Microsoft.Network/publicIPAddresses,testrgp,westus
memberRD-ip,memberRD-ip,Microsoft.Network/publicIPAddresses,testrgp,westus
testrgp-vnet,testrgp-vnet,Microsoft.Network/virtualNetworks,testrgp,westus
testrgpdiag234,testrgpdiag234,Microsoft.Storage/storageAccounts,testrgp,westus
testrgpdisks781,testrgpdisks781,Microsoft.Storage/storageAccounts,testrgp,westus
testvmsql1860,testvmsql1860,Microsoft.Network/networkInterfaces,testrgsql1,eastus2
testvmsql1958,testvmsql1958,Microsoft.Network/networkInterfaces,testrgsql1,eastus2
testvmsql1-nsg,testvmsql1-nsg,Microsoft.Network/networkSecurityGroups,testrgsql1,eastus2
testvmsql1nsg769,testvmsql1nsg769,Microsoft.Network/networkSecurityGroups,testrgsql1,eastus2
testvmsql1-ip,testvmsql1-ip,Microsoft.Network/publicIPAddresses,testrgsql1,eastus2
testvmsql1ip337,testvmsql1ip337,Microsoft.Network/publicIPAddresses,testrgsql1,eastus2
testrgsql1,testrgsql1,Microsoft.Network/virtualNetworks,testrgsql1,eastus2
teststoragesql1,teststoragesql1,Microsoft.Storage/storageAccounts,testrgsql1,eastus2
saitest,saitest,Microsoft.Storage/storageAccounts,TestSai,southeastasia
testsqlvm123210,testsqlvm123210,Microsoft.ClassicCompute/domainNames,testsqlvm123210,eastus
TestVirM123,TestVirM123,Microsoft.ClassicCompute/domainNames,TestVirM123,eastus
TestVirM123,TestVirM123,Microsoft.ClassicCompute/virtualMachines,TestVirM123,eastus
testazurewebapp098,testazurewebapp098,microsoft.insights/components,testwebrg,eastus
specializedVMNic,specializedVMNic,Microsoft.Network/networkInterfaces,vgdeploytest,eastus
specializedVMPublicIP,specializedVMPublicIP,Microsoft.Network/publicIPAddresses,vgdeploytest,eastus
specializedVMVNET,specializedVMVNET,Microsoft.Network/virtualNetworks,vgdeploytest,eastus
specializedVMNic,specializedVMNic,Microsoft.Network/networkInterfaces,VistaraGateway,westus
specializedVMPublicIP,specializedVMPublicIP,Microsoft.Network/publicIPAddresses,VistaraGateway,westus
specializedVMVNET,specializedVMVNET,Microsoft.Network/virtualNetworks,VistaraGateway,westus
specializedVMNic,specializedVMNic,Microsoft.Network/networkInterfaces,VistaraTest,westus
vmfrmdisk,vmfrmdisk,Microsoft.Network/networkInterfaces,VistaraTest,westus
specializedVMPublicIP,specializedVMPublicIP,Microsoft.Network/publicIPAddresses,VistaraTest,westus
vmfromosdisk,vmfromosdisk,Microsoft.Network/publicIPAddresses,VistaraTest,westus
specializedVMVNET,specializedVMVNET,Microsoft.Network/virtualNetworks,VistaraTest,westus
vistaragateway11,vistaragateway11,Microsoft.Storage/storageAccounts,VistaraTest,westus
NE-TFS,NE-TFS,microsoft.visualstudio/account,VS-NE-TFS-Group,brazilsouth
NE-TFS/NE-TFS,NE-TFS/NE-TFS,microsoft.visualstudio/account/project,VS-NE-TFS-Group,northcentralus
NEAssesmentBot,NEAssesmentBot,microsoft.visualstudio/account,VS-NEAssesmentBot-Group,westeurope
NEAssesmentBot/NE-Assesment-Bot,NEAssesmentBot/NE-Assesment-Bot,microsoft.visualstudio/account/project,VS-NEAssesmentBot-Group,northcentralus
netenrichtfs,netenrichtfs,microsoft.visualstudio/account,VS-netenrichtfs-Group,southcentralus
vsg1,vsg1,Microsoft.ClassicCompute/domainNames,vsg1,westus
VSGW,VSGW,Microsoft.ClassicCompute/virtualMachines,vsg1,westus
wordpressHA,wordpressHA,Microsoft.Compute/availabilitySets,wordpressrm,southeastasia
wordpress1vm,wordpress1vm,Microsoft.Compute/virtualMachines,wordpressrm,southeastasia
wordpressvm2,wordpressvm2,Microsoft.Compute/virtualMachines,wordpressrm,southeastasia
wordpresslb,wordpresslb,Microsoft.Network/loadBalancers,wordpressrm,southeastasia
wordpress1vm239,wordpress1vm239,Microsoft.Network/networkInterfaces,wordpressrm,southeastasia
wordpressvm2538,wordpressvm2538,Microsoft.Network/networkInterfaces,wordpressrm,southeastasia
wordpress1vm-nsg,wordpress1vm-nsg,Microsoft.Network/networkSecurityGroups,wordpressrm,southeastasia
wordpressvm2-nsg,wordpressvm2-nsg,Microsoft.Network/networkSecurityGroups,wordpressrm,southeastasia
wordpress1vm-ip,wordpress1vm-ip,Microsoft.Network/publicIPAddresses,wordpressrm,southeastasia
wordpressLBPIP,wordpressLBPIP,Microsoft.Network/publicIPAddresses,wordpressrm,southeastasia
wordpressvm2-ip,wordpressvm2-ip,Microsoft.Network/publicIPAddresses,wordpressrm,southeastasia
wordpress-vnet,wordpress-vnet,Microsoft.Network/virtualNetworks,wordpressrm,southeastasia
wordpressrmdiag650,wordpressrmdiag650,Microsoft.Storage/storageAccounts,wordpressrm,southeastasia
wordpressstg,wordpressstg,Microsoft.Storage/storageAccounts,wordpressrm,southeastasia
